{
    "$schema": "http://schema.management.azure.com/schemas/2014-04-01-preview/deploymentTemplate.json#",
    "contentVersion": "1.0.0.0",
    "parameters": {
        "administratorLogin": {
            "type": "String"
        },
        "administratorLoginPassword": {
            "type": "SecureString"
        },
        "location": {
            "type": "String"
        },
        "serverName": {
            "type": "String"
        },
        "skuCapacity": {
            "type": "Int"
        },
        "skuFamily": {
            "type": "String"
        },
        "skuName": {
            "type": "String"
        },
        "skuSizeMB": {
            "type": "Int"
        },
        "skuTier": {
            "type": "String"
        },
        "version": {
            "type": "String"
        },
        "backupRetentionDays": {
            "type": "Int"
        },
        "geoRedundantBackup": {
            "type": "String"
        },
        "previewFeature": {
            "defaultValue": "",
            "type": "String"
        },
        "tags": {
            "defaultValue": {},
            "type": "Object"
        },
        "storageAutoGrow": {
            "defaultValue": "Disabled",
            "type": "String"
        },
        "infrastructureEncryption": {
            "defaultValue": "Disabled",
            "type": "String"
        }
    },
    "variables": {},
    "resources": [
        {
            "type": "Microsoft.DBforPostgreSQL/servers",
            "apiVersion": "2017-12-01-preview",
            "name": "[parameters('serverName')]",
            "location": "[parameters('location')]",
            "tags": "[parameters('tags')]",
            "sku": {
                "name": "[parameters('skuName')]",
                "tier": "[parameters('skuTier')]",
                "capacity": "[parameters('skuCapacity')]",
                "size": "[parameters('skuSizeMB')]",
                "family": "[parameters('skuFamily')]"
            },
            "kind": "",
            "properties": {
                "version": "[parameters('version')]",
                "administratorLogin": "[parameters('administratorLogin')]",
                "administratorLoginPassword": "[parameters('administratorLoginPassword')]",
                "storageProfile": {
                    "storageMB": "[parameters('skuSizeMB')]",
                    "backupRetentionDays": "[parameters('backupRetentionDays')]",
                    "geoRedundantBackup": "[parameters('geoRedundantBackup')]",
                    "storageAutoGrow": "[parameters('storageAutoGrow')]"
                },
                "previewFeature": "[parameters('previewFeature')]",
                "infrastructureEncryption": "[parameters('infrastructureEncryption')]"
            }
        }
    ]
}