{
    "$schema": "https://schema.management.azure.com/schemas/2015-01-01/deploymentTemplate.json#",
    "contentVersion": "1.0.0.0",
    "parameters": {
        "location": {
            "type": "String"
        },
        "workspaceName": {
            "type": "String"
        },
        "tier": {
            "defaultValue": "premium",
            "type": "String"
        },
        "tagValues": {
            "type": "Object"
        }
    },
    "variables": {
        "managedResourceGroupName": "[concat('databricks-rg-', parameters('workspaceName'), '-', uniqueString(parameters('workspaceName'), resourceGroup().id))]",
        "managedResourceGroupId": "[concat(subscription().id, '/resourceGroups/', variables('managedResourceGroupName'))]"
    },
    "resources": [
        {
            "type": "Microsoft.Databricks/workspaces",
            "apiVersion": "2018-04-01",
            "name": "[parameters('workspaceName')]",
            "location": "[parameters('location')]",
            "dependsOn": [],
            "tags": "[parameters('tagValues')]",
            "sku": {
                "name": "[parameters('tier')]"
            },
            "properties": {
                "ManagedResourceGroupId": "[variables('managedResourceGroupId')]",
                "parameters": {}
            }
        }
    ]
}